{"cameraMode":{"drawMode":0,"name":"Shaded","section":"Shading Mode"},"sceneLighting":true,"audioPlay":false,"sceneViewState":{"showFog":true,"showMaterialUpdate":false,"showSkybox":true,"showFlares":true,"showImageEffects":true,"showParticleSystems":true,"showVisualEffectGraphs":true,"m_FxEnabled":true},"in2DMode":false,"pivot":{"x":3.4326515197753908,"y":4.057139873504639,"z":17.189964294433595},"rotation":{"x":-0.29907363653182986,"y":-0.06777513772249222,"z":0.021300768479704858,"w":-0.9515976905822754},"size":5.212497234344482,"orthographic":false}