{"cameraMode":{"drawMode":0,"name":"Shaded","section":"Shading Mode"},"sceneLighting":true,"audioPlay":false,"sceneViewState":{"showFog":true,"showMaterialUpdate":false,"showSkybox":true,"showFlares":true,"showImageEffects":true,"showParticleSystems":true,"showVisualEffectGraphs":true,"m_FxEnabled":true},"in2DMode":false,"pivot":{"x":-1.7304487228393555,"y":2.108656644821167,"z":12.756843566894532},"rotation":{"x":-0.04349701106548309,"y":0.008389890193939209,"z":-0.00036507652839645743,"w":-0.9990370273590088},"size":11.439427375793457,"orthographic":false}